{"cameraMode":{"drawMode":0,"name":"Shaded","section":"Shading Mode"},"sceneLighting":false,"audioPlay":false,"sceneViewState":{"showFog":true,"showMaterialUpdate":false,"showSkybox":false,"showFlares":true,"showImageEffects":true,"showParticleSystems":true},"in2DMode":false,"pivot":{"x":130.52627563476563,"y":6.615202903747559,"z":90.41219329833985},"rotation":{"x":0.004338920582085848,"y":0.985095739364624,"z":-0.1701126992702484,"w":0.02512546442449093},"size":4.123636722564697,"orthographic":true}